Contract,Churn_Predicted
Month-to-month,0.41058064516129034
One year,0.08010862186014936
Two year,0.021238938053097345
